"処理日","処理NO","最終処理NO","品名/内容","相手先","執行所管","執行金額"
"20260403","W2601000215-002","P2601000506-002","ダンボールストッカー","アマゾンジャパン合同会社（全学共通）","中江研究室共通","981"
"20260406","W2601000215-001","P2601000506-001","本棚","アマゾンジャパン合同会社（全学共通）","中江研究室共通","9719"
"20260407","W2601000444-001","P2601000510-001","食器洗剤詰め替え","（株）ＭｏｎｏｔａＲＯ","中江研究室共通","3298"
"20260407","W2601000444-002","P2601000510-002","泡ハンドソープ詰め替え","（株）ＭｏｎｏｔａＲＯ","中江研究室共通","1648"
"20260407","W2601000559-007","W2601000559-007","配送費","株)オフィスバスターズ","中江研究室共通","36300"
"20260408","W2601000548-002","P2601000483-002","傘立て","アマゾンジャパン合同会社（全学共通）","中江研究室共通","2250"
"20260409","W2601000658-001","P2601000515-001","デスクマット","（株）ＭｏｎｏｔａＲＯ","中江研究室共通","8028"
"20260410","W2601000548-001","P2601000483-001","ゴミ箱","アマゾンジャパン合同会社（全学共通）","中江研究室共通","7221"
"20260410","W2601000760-001","P2601003003-006","枕","三井住友カード（株）","中江研究室共通","4580"
"20260413","W2601000726-001","P2601000475-001","掃除機","アマゾンジャパン合同会社（全学共通）","中江研究室共通","26500"
"20260413","W2601000726-002","P2601000475-002","救急セット","アマゾンジャパン合同会社（全学共通）","中江研究室共通","2880"
"20260413","W2601000548-003","P2601000483-003","転倒防止突っ張り棒","アマゾンジャパン合同会社（全学共通）","中江研究室共通","1717"
"20260413","W2601000833-001","P2601000753-001","ワゴン","（株）ＭｏｎｏｔａＲＯ","中江研究室共通","3738"
"20260414","W2601000948-001","P2601000533-001","芳香剤","アマゾンジャパン合同会社（全学共通）","中江研究室共通","1950"
"20260415","W2601000561-001","P2601003003-008","椅子","三井住友カード（株）","中江研究室共通","43500"
"20260416","W2601001193-001","P2601000808-001","マグネット","アマゾンジャパン合同会社（全学共通）","中江研究室共通","789"
"20260416","W2601001193-002","P2601000808-002","マグネット返品代","アマゾンジャパン合同会社（全学共通）","中江研究室共通","500"
"20260417","W2601001273-001","P2601001118-001","指サック","（株）ＭｏｎｏｔａＲＯ","中江研究室共通","197"
"20260421","W2601001537-001","P2601001387-001","ドアストッパー","（株）ＭｏｎｏｔａＲＯ","中江研究室共通","395"
"20260422","W2601000747-001","P2601001137-001","フロアメンテナンス、ガラス清掃","（株）ナイガイ","中江研究室共通","26400"
"20260422","W2601001624-001","P2601001405-001","カーペットローラー","（株）ＭｏｎｏｔａＲＯ","中江研究室共通","318"
"20260422","W2601001624-002","P2601001405-002","カーペットローラー詰め替え","（株）ＭｏｎｏｔａＲＯ","中江研究室共通","593"
"20260423","W2601001386-001","P2601003028-001","トナー(ブラック)","アマゾンジャパン合同会社（全学共通）","中江研究室共通","17920"
"20260423","W2601001386-002","P2601003028-002","トナー(シアン、マゼンタ、イエロー）","アマゾンジャパン合同会社（全学共通）","中江研究室共通","20720"
"20260424","W2601001796-001","P2601001378-001","スマートロック","アマゾンジャパン合同会社（全学共通）","中江研究室共通","5508"
"20260427","W2601001899-001","P2601001505-001","鏡","アマゾンジャパン合同会社（全学共通）","中江研究室共通","2930"
"20260427","W2601000559-001","P2601001835-001","椅子（配送費含む）","株)オフィスバスターズ","中江研究室共通","32344"
"20260427","W2601000559-002","P2601001835-002","椅子（配送費含む）","株)オフィスバスターズ","中江研究室共通","53422"
"20260427","W2601000559-003","P2601001835-003","椅子（配送費含む）","株)オフィスバスターズ","中江研究室共通","31815"
"20260427","W2601000559-004","P2601001835-004","椅子（配送費含む）","株)オフィスバスターズ","中江研究室共通","26512"
"20260427","W2601000559-005","P2601001835-005","椅子（配送費含む）","株)オフィスバスターズ","中江研究室共通","35129"
"20260427","W2601000559-006","P2601001835-006","椅子（配送費含む）","株)オフィスバスターズ","中江研究室共通","34068"
"20260427","W2601001863-001","P2601002032-001","椅子","アマゾンジャパン合同会社（全学共通）","中江研究室共通","27711"
"20260430","W2601002016-001","P2601001847-001","棚","アマゾンジャパン合同会社（全学共通）","中江研究室共通","11747"
"20260430","W2601002065-001","P2601002301-001","クリンスイポット 交換カートリッジ","（株）ＭｏｎｏｔａＲＯ","中江研究室共通","9676"
"20260430","W2601002065-002","P2601002301-002","ボールペン","（株）ＭｏｎｏｔａＲＯ","中江研究室共通","765"
"20260430","W2601002065-003","P2601002301-003","付箋 50×15mm","（株）ＭｏｎｏｔａＲＯ","中江研究室共通","405"
"20260430","W2601002065-004","P2601002301-004","付箋 75×75","（株）ＭｏｎｏｔａＲＯ","中江研究室共通","472"
"20260507","E2602000318-001","E2602000318-001","DeepL 利用料（2027.4.1分）","中江　健","中江研究室共通","38"
"20260507","W2602000028-001","P2602000103-001","転倒防止突っ張り棒","アマゾンジャパン合同会社（全学共通）","中江研究室共通","1737"
"20260507","W2602000027-001","P2602002124-001","スチールラック","（株）ドウシシャ　ルミナスクラブショップ","中江研究室共通","8360"
"20260507","W2602000079-002","W2602000079-002","配送費","株)オフィスバスターズ","中江研究室共通","8470"
"20260512","W2601002135-001","P2602000363-001","肘無しチェア","株)オフィスバスターズ","中江研究室共通","20240"
"20260513","W2602000342-001","P2602000369-001","電子メモ帳","アマゾンジャパン合同会社（全学共通）","中江研究室共通","1290"
"20260513","W2602000342-002","P2602000369-002","3M スポンジ","アマゾンジャパン合同会社（全学共通）","中江研究室共通","428"
"20260513","W2602000342-003","P2602000369-003","ビニール手袋","アマゾンジャパン合同会社（全学共通）","中江研究室共通","828"
"20260513","W2602000342-004","P2602000369-004","重曹 粉末タイプ","アマゾンジャパン合同会社（全学共通）","中江研究室共通","306"
"20260513","W2602000342-005","P2602000369-005","クエン酸 粉末タイプ","アマゾンジャパン合同会社（全学共通）","中江研究室共通","299"
"20260515","W2602000079-001","P2602000661-001","肘付きハイバックチェア","株)オフィスバスターズ　京都東寺店","中江研究室共通","35860"
"20260522","W2601000560-001","P2602000797-001","ソファー","三井住友カード（株）","中江研究室共通","64999"
"20260522","W2601000560-002","P2602000797-002","組み立て","三井住友カード（株）","中江研究室共通","15000"
"20260526","W2602001267-001","W2602001267-001","パーテーション","（株）ＭｏｎｏｔａＲＯ","中江研究室共通","26356"
"20260528","W2602001380-001","P2602001519-001","昇降式テーブル","アマゾンジャパン合同会社（全学共通）","中江研究室共通","28199"
"20260529","W2602001450-001","P2602001513-001","食洗器","アマゾンジャパン合同会社（全学共通）","中江研究室共通","26820"
"20260601","W2602001533-001","P2603000129-001","食洗器洗剤","（株）ＭｏｎｏｔａＲＯ","中江研究室共通","2198"
"20260602","W2603000127-001","W2603000127-001","ポリ袋","アマゾンジャパン合同会社（全学共通）","中江研究室共通","869"
"20260602","W2603000127-002","W2603000127-002","コバエスプレー","アマゾンジャパン合同会社（全学共通）","中江研究室共通","605"
"20260603","W2602001449-001","P2603000094-001","ヨギボーライト","アマゾンジャパン合同会社（全学共通）","中江研究室共通","31790"
"20260603","W2603000220-001","W2603000220-001","クリップボード","（株）ＭｏｎｏｔａＲＯ","中江研究室共通","1310"
"20260603","W2603000220-002","W2603000220-002","送料","（株）ＭｏｎｏｔａＲＯ","中江研究室共通","550"
"20260604","W2603000302-001","W2603000302-001","ホワイトボード シート","アマゾンジャパン合同会社（全学共通）","中江研究室共通","4550"
"20260604","W2603000302-002","W2603000302-002","3l容器","アマゾンジャパン合同会社（全学共通）","中江研究室共通","998"
"20260604","W2603000329-002","W2603000329-002","HDMIケーブル","アマゾンジャパン合同会社（全学共通）","中江研究室共通","3795"
